method,seed,event_sensitivity,false_alarms_per_hour,median_latency_sec,window_roc_auc,window_pr_auc
CE validation-F1,123,0.1914893617021276,0.1939608725844687,46.0,0.7775686465486288,0.1075814769642027
CE validation-F1,2026,0.1702127659574468,0.2011446086061157,41.5,0.77691176958297,0.108328388619946
CE validation-F1,27182,0.1702127659574468,0.2514307607576446,41.5,0.7317499277934341,0.1036202448963422
CE validation-F1,31415,0.1914893617021276,0.0718373602164699,46.0,0.7137034816963926,0.1220743942623529
CE validation-F1,42,0.2127659574468085,0.1867771365628217,48.0,0.7198632023121708,0.1069898753846861
Focal validation-F1,123,0.1944444444444444,0.2009313006314983,50.0,0.7036986545066656,0.0793416061754101
Focal validation-F1,2026,0.1666666666666666,0.1219940039548382,49.0,0.7036183190083622,0.0978718729230256
Focal validation-F1,27182,0.0833333333333333,0.0430567072781782,72.0,0.7251898145575597,0.079424472566233
Focal validation-F1,31415,0.1944444444444444,0.1937551827518019,52.0,0.6674478601329289,0.1022194211071531
Focal validation-F1,42,0.1944444444444444,0.2009313006314983,50.0,0.7264727797554402,0.0840834803655799
PAAGO validation-F1,123,0.1111111111111111,0.07893729667666,44.5,0.6969171953821371,0.0833259946780484
PAAGO validation-F1,2026,0.2222222222222222,0.2009313006314983,48.0,0.7276397060851,0.089298566577474
PAAGO validation-F1,27182,0.1388888888888889,0.1578745933533201,52.0,0.6961722243318431,0.0767241814123801
PAAGO validation-F1,31415,0.25,0.1722268291127128,52.0,0.7194446921091143,0.1002111777818105
PAAGO validation-F1,42,0.2222222222222222,0.0574089430375709,46.5,0.762593229418681,0.1296213311951454
PAAGO validation-F2,123,0.6382978723404256,2.313162998970331,31.0,0.7194593178504796,0.0974506735910056
PAAGO validation-F2,2026,0.6808510638297872,2.270060582840449,27.0,0.7478614176061221,0.1046950470016296
PAAGO validation-F2,27182,0.7021276595744681,2.356265415100213,26.0,0.720476026342023,0.0971547231353551
PAAGO validation-F2,31415,0.6808510638297872,2.0976509183209213,31.5,0.7434614785543162,0.1216150930931138
PAAGO validation-F2,42,0.6808510638297872,2.176672014559038,24.5,0.7331079759480519,0.1065696807820966
