patient,edf_path,onset_sec,offset_sec
PN00,/content/gdrive/MyDrive/Data/siena-scalp-eeg-1.0.0/PN00/PN00-1.edf,1143.0,1213.0
PN00,/content/gdrive/MyDrive/Data/siena-scalp-eeg-1.0.0/PN00/PN00-2.edf,1220.0,1274.0
PN00,/content/gdrive/MyDrive/Data/siena-scalp-eeg-1.0.0/PN00/PN00-3.edf,765.0,4425.0
PN00,/content/gdrive/MyDrive/Data/siena-scalp-eeg-1.0.0/PN00/PN00-4.edf,1006.0,1080.0
PN00,/content/gdrive/MyDrive/Data/siena-scalp-eeg-1.0.0/PN00/PN00-5.edf,904.0,971.0
PN01,/content/gdrive/MyDrive/Data/siena-scalp-eeg-1.0.0/PN01/PN01-1.edf,10218.0,10272.0
PN01,/content/gdrive/MyDrive/Data/siena-scalp-eeg-1.0.0/PN01/PN01-1.edf,46353.0,46427.0
PN03,/content/gdrive/MyDrive/Data/siena-scalp-eeg-1.0.0/PN03/PN03-1.edf,38673.0,38784.0
PN03,/content/gdrive/MyDrive/Data/siena-scalp-eeg-1.0.0/PN03/PN03-2.edf,34921.0,35054.0
PN05,/content/gdrive/MyDrive/Data/siena-scalp-eeg-1.0.0/PN05/PN05-2.edf,7163.0,7198.0
PN05,/content/gdrive/MyDrive/Data/siena-scalp-eeg-1.0.0/PN05/PN05-3.edf,6836.0,6866.0
PN05,/content/gdrive/MyDrive/Data/siena-scalp-eeg-1.0.0/PN05/PN05-4.edf,3608.0,3647.0
PN06,/content/gdrive/MyDrive/Data/siena-scalp-eeg-1.0.0/PN06/PN06-1.edf,5583.0,5647.0
PN06,/content/gdrive/MyDrive/Data/siena-scalp-eeg-1.0.0/PN06/PN06-2.edf,8860.0,8929.0
PN06,/content/gdrive/MyDrive/Data/siena-scalp-eeg-1.0.0/PN06/PN06-3.edf,6275.0,6317.0
PN06,/content/gdrive/MyDrive/Data/siena-scalp-eeg-1.0.0/PN06/PN06-4.edf,5939.0,6002.0
PN06,/content/gdrive/MyDrive/Data/siena-scalp-eeg-1.0.0/PN06/PN06-5.edf,4783.0,4827.0
PN07,/content/gdrive/MyDrive/Data/siena-scalp-eeg-1.0.0/PN07/PN07-1.edf,22059.0,22121.0
PN09,/content/gdrive/MyDrive/Data/siena-scalp-eeg-1.0.0/PN09/PN09-1.edf,7249.0,7329.0
PN09,/content/gdrive/MyDrive/Data/siena-scalp-eeg-1.0.0/PN09/PN09-2.edf,7127.0,7186.0
PN09,/content/gdrive/MyDrive/Data/siena-scalp-eeg-1.0.0/PN09/PN09-3.edf,7221.0,7285.0
PN10,/content/gdrive/MyDrive/Data/siena-scalp-eeg-1.0.0/PN10/PN10-1.edf,7545.0,7614.0
PN10,/content/gdrive/MyDrive/Data/siena-scalp-eeg-1.0.0/PN10/PN10-10.edf,7977.0,7991.0
PN10,/content/gdrive/MyDrive/Data/siena-scalp-eeg-1.0.0/PN10/PN10-2.edf,7798.0,7849.0
PN10,/content/gdrive/MyDrive/Data/siena-scalp-eeg-1.0.0/PN10/PN10-3.edf,7835.0,7904.0
PN10,/content/gdrive/MyDrive/Data/siena-scalp-eeg-1.0.0/PN10/PN10-4.5.6.edf,2309.0,2314.0
PN10,/content/gdrive/MyDrive/Data/siena-scalp-eeg-1.0.0/PN10/PN10-4.5.6.edf,6544.0,6563.0
PN10,/content/gdrive/MyDrive/Data/siena-scalp-eeg-1.0.0/PN10/PN10-4.5.6.edf,11225.0,11282.0
PN10,/content/gdrive/MyDrive/Data/siena-scalp-eeg-1.0.0/PN10/PN10-7.8.9.edf,5459.0,5477.0
PN10,/content/gdrive/MyDrive/Data/siena-scalp-eeg-1.0.0/PN10/PN10-7.8.9.edf,12923.0,12938.0
PN10,/content/gdrive/MyDrive/Data/siena-scalp-eeg-1.0.0/PN10/PN10-7.8.9.edf,63312.0,63360.0
PN11,/content/gdrive/MyDrive/Data/siena-scalp-eeg-1.0.0/PN11/PN11-1.edf,7554.0,7609.0
PN12,/content/gdrive/MyDrive/Data/siena-scalp-eeg-1.0.0/PN12/PN12-1.2.edf,1312.0,1375.0
PN12,/content/gdrive/MyDrive/Data/siena-scalp-eeg-1.0.0/PN12/PN12-1.2.edf,66661.0,66729.0
PN12,/content/gdrive/MyDrive/Data/siena-scalp-eeg-1.0.0/PN12/PN12-3.edf,772.0,868.0
PN12,/content/gdrive/MyDrive/Data/siena-scalp-eeg-1.0.0/PN12/PN12-4.edf,9812.0,9875.0
PN13,/content/gdrive/MyDrive/Data/siena-scalp-eeg-1.0.0/PN13/PN13-1.edf,7062.0,7110.0
PN13,/content/gdrive/MyDrive/Data/siena-scalp-eeg-1.0.0/PN13/PN13-2.edf,7249.0,7314.0
PN13,/content/gdrive/MyDrive/Data/siena-scalp-eeg-1.0.0/PN13/PN13-3.edf,7553.0,7704.0
PN14,/content/gdrive/MyDrive/Data/siena-scalp-eeg-1.0.0/PN14/PN14-1.edf,7262.0,7289.0
PN14,/content/gdrive/MyDrive/Data/siena-scalp-eeg-1.0.0/PN14/PN14-2.edf,7479.0,7491.0
PN14,/content/gdrive/MyDrive/Data/siena-scalp-eeg-1.0.0/PN14/PN14-3.edf,17540.0,17581.0
PN14,/content/gdrive/MyDrive/Data/siena-scalp-eeg-1.0.0/PN14/PN14-4.edf,5463.0,5546.0
PN16,/content/gdrive/MyDrive/Data/siena-scalp-eeg-1.0.0/PN16/PN16-1.edf,7184.0,7307.0
PN16,/content/gdrive/MyDrive/Data/siena-scalp-eeg-1.0.0/PN16/PN16-2.edf,8574.0,8681.0
PN17,/content/gdrive/MyDrive/Data/siena-scalp-eeg-1.0.0/PN17/PN17-1.edf,8420.0,8490.0
PN17,/content/gdrive/MyDrive/Data/siena-scalp-eeg-1.0.0/PN17/PN17-2.edf,7731.0,7814.0
